time,carts_cpu,carts-db_cpu,catalogue_cpu,catalogue-db_cpu,front-end_cpu,orders_cpu,orders-db_cpu,payment_cpu,queue-master_cpu,rabbitmq_cpu,shipping_cpu,user_cpu,user-db_cpu,carts_memory,carts-db_memory,catalogue_memory,catalogue-db_memory,front-end_memory,orders_memory,orders-db_memory,payment_memory,queue-master_memory,rabbitmq_memory,shipping_memory,user_memory,user-db_memory,carts_memory_rss,carts-db_memory_rss,catalogue_memory_rss,catalogue-db_memory_rss,front-end_memory_rss,orders_memory_rss,orders-db_memory_rss,payment_memory_rss,queue-master_memory_rss,rabbitmq_memory_rss,shipping_memory_rss,user_memory_rss,user-db_memory_rss,carts_memory_cache,carts-db_memory_cache,catalogue_memory_cache,catalogue-db_memory_cache,front-end_memory_cache,orders_memory_cache,orders-db_memory_cache,payment_memory_cache,queue-master_memory_cache,rabbitmq_memory_cache,shipping_memory_cache,user_memory_cache,user-db_memory_cache,carts-db_disk,catalogue-db_disk,front-end_disk,orders-db_disk,rabbitmq_disk,user-db_disk,carts_power,carts-db_power,catalogue_power,catalogue-db_power,front-end_power,orders_power,orders-db_power,payment_power,queue-master_power,rabbitmq_power,shipping_power,user_power,user-db_power
1720298877.496,0.012519618943587675,0.005318774000692636,0.0027328865723099255,0.0009113347915777494,0.003933546951514826,0.004764214254875058,0.005039070420987069,0.0016090547762931747,0.006703146402344183,0.09207876592426001,0.004220492905670023,0.0028866561480065636,0.005906569728076879,37625900.13515265,10317981.007236207,668842.38795137,0,1089224.918832625,1621.0692955314094,10344752.427362328,523666.68514719745,105692150.9242846,9073216.4828787,7118667.905214651,968217.9706799863,3679034.327108587,14830017.95863959,1045.2217341377614,371.62039557249136,0,16531.238228488404,1621.0692955314094,750.3755541713992,227.08876198924435,26294310.74774807,7699092.280905398,298.4172085314099,221.57707773590352,149.1026901095701,0,0,0,0,0,0,0,0,0,0,0,0,0,0,0,0,0,0,0,0.003749100363891258,0.0006011245716730864,0.000495513918033372,0.00015508384603039077,0.0007499832695768126,0.0008308457341423533,0.0005273938885631019,0.0002815881449047293,0.00104829188609253,0.00927984520930949,0.0007195054907990342,0.0004803628702813258,0.0008149994163440547
1720298882.496,0.04934894850663819,0.006464437120235685,0.0030695471465370244,0.0011442942855052316,0.008789732418490855,0.005985813431489319,0.005158551906992001,0.001792346471594424,0.006995093167360262,0.09341688279915514,0.004183773668505278,0.003279347909598434,0.006138250505087275,44041329.15542193,7823277.0392192975,508154.845263578,5544.450135362552,42853.75554020327,9386.019992060914,12859963.62774933,346438.98533318774,107124137.93609181,6905910.919276334,7068201.898905869,964093.4173443193,3679026.7377732475,21640673.05428266,2564.2423126496046,668.7225628560026,3596.4000878027364,37830.04707545475,4508.245822958392,821.0361353572534,298.1402627652218,26650694.92364383,5858758.306547893,296.3016547608283,441.1653831654908,298.21080795762725,0,75.41889154851778,0,0,0,0,0,0,0,0,0,0,74.55270198940681,0,0,0,0,0,0,0.00835981289933999,0.0008809780557052344,0.0006301437689090275,0.0002943826845382411,0.0014562848666871465,0.0010970357502600389,0.0005078322979232533,0.0003380246258300979,0.0010937697239235137,0.007937487324552123,0.000652508965740132,0.0004567348807648789,0.0007619395699850909
1720298887.496,0.09510537589882559,0.008886720067111619,0.003725864212805444,0.0017722495888608707,0.013781283665265848,0.006833760481883685,0.005046387918975385,0.0018442213778382948,0.007458073859693983,0.09228288512709772,0.004369075649416874,0.003609821562332798,0.006138356403150526,50992276.92863595,10439445.702275159,502004.2575644548,3892794.2111610565,60470.82039101042,13382.933284658211,12820714.39731129,350314.79777720524,106693448.0517109,9165945.940010613,7246699.12669423,962600.1783484927,3070581.096849475,28559961.264679313,4229.064493528523,2235.7671803642584,4415.890070533202,53286.16846336562,5158.7843387788635,669.7066036878916,376.8446619806425,26544123.28817149,7779424.116538256,303.7843249958281,511.3607990012483,298.7164527421237,0,75.51900881300934,0,0,0,0,0,0,0,0,0,0,74.67911318553092,0,0,0,0,0,0,0.016969368664247673,0.0011542758118294083,0.0007474009732080895,0.00027660209849883857,0.0017224483438287267,0.0010279102639269267,0.0004725192798582393,0.000319793831010328,0.0011278683417809616,0.007926759430385247,0.0006261008608287129,0.0004697037110787965,0.0007920645582036765
1720298892.496,0.17007806096845202,0.013192190592289783,0.004890070098339398,0.0026487267816406625,0.02130369597501861,0.011728029252770686,0.005212419787265045,0.001842277896398902,0.007577586203195132,0.08961634562839017,0.004683428730212755,0.003797677192667146,0.006746408700587732,51908836.390315495,7795847.8488020385,501579.62609416095,3888415.5123642674,98977.43323469072,16958.36271266113,12854310.942736415,351738.75441838766,78399009.60695565,9207621.219086144,7009042.362094621,972984.0402588065,3083417.983411758,29135391.92956714,12314.054737768327,2360.7218760131123,5008.340177023451,87897.31486356456,7484636.329120789,671.4264898732334,1763.8383004683042,26007112.224269636,7814521.79828997,440.5801258493036,515.3127246585191,299.9798597506271,0,75.08569962053858,0,0,0,0,74.60294331924815,0,0,0,0,0,74.99496493765677,0,0,0,0,0,0,0.01906522568799949,0.0016472387599888593,0.0008079264023279031,0.0003425764245746223,0.0028189061264055613,0.0021536914093285234,0.0005071848823961524,0.0004111609747180775,0.0012838263238311284,0.008167475542322684,0.0006604985529614664,0.00047246954723199734,0.000981348619509233
1720298897.496,0.2898006513849963,0.01769746492434663,0.006248226031951409,0.0035918663229470237,0.031012352026659636,0.015027543404302008,0.005084811045915991,0.0019235211626160693,0.007568158747220156,0.09074147377609659,0.0041981000475980815,0.0049846442272760295,0.007016690039342575,58650417.20962399,7799114.534617147,341462.1453088217,3980156.317716506,149997.5415099532,21202.22417325139,13146187.724690322,531420.0106225162,81210942.62416604,9108139.957808977,14312229.64264792,1215065.3200610331,3094703.6805530023,35963858.04244167,14273.085740486014,5373.299548942441,5126.503773443921,145488.59737638748,7579308.165057068,686.672254819782,1800.4065859599643,26940612.601927347,7730317.305593948,374.92677211482135,818.4262152147061,301.20969224546826,0,75.12150389729482,0,0,0,0,76.296917202198,0,0,0,0,0,75.30242306136707,0,0,0,0,0,0,0.04027500338047456,0.0017992304216081852,0.0012030597201717677,0.0004248497048526324,0.003074362654210546,0.0058186895707311274,0.000576411358989314,0.00041008244801515686,0.0007889763182343331,0.006761553327778513,0.0006313359257721717,0.000645517031315339,0.0010092730042420897
1720298902.496,0.335699792040542,0.023080634915385038,0.007417970395390424,0.004945341007827249,0.04507969496972601,0.03235482775276598,0.005193962011294921,0.0019790705937019694,0.004947996169069343,0.09134763876390971,0.00440266248833422,0.006665805564671992,0.00784101320416087,65631008.39176081,7813806.956617607,346173.1481314235,3906866.056862134,180948.66741241852,7610632.739733518,10257441.972797764,516373.8785430889,53043713.134100735,11582316.132496437,14306505.681922156,979004.1935601503,2467921.7639733353,42902798.85203618,14375.098763390479,8582.193884001952,6231.884589298481,166912.05454642302,15055672.493301496,669.4147342424959,1903.2776923901774,818.0398707287848,9834904.849191802,374.7689717642323,1269.5912190497029,300.05127829463044,0,75.26229719052607,0,0,0,0,74.37941491583288,0,0,0,0,0,75.01281957365761,0,0,0,0,0,0,0.04944158968891207,0.0018145226629875698,0.0012359412141623245,0.00042963734127600623,0.003686185027485647,0.007294640801187671,0.0006827315837795462,0.00046736708143270276,0.000746127235414244,0.007440995012530598,0.000601685398405105,0.001066807855697705,0.0009115671302130276
1720298907.496,0.36984823305478176,0.029278392670445165,0.009752125072737853,0.005996527252219475,0.054227709947989144,0.0391079714015293,0.005117301778166448,0.0020819598964378176,0.004982144388114088,0.09377693022837622,0.004006310095547143,0.008571972765818656,0.008317022524158975,58398443.898264974,5205892.111007172,346795.4611579866,3877369.815165187,1464475.2765365175,7751416.227451563,12856490.890540738,513709.56164628157,52707354.89923684,9005381.190433376,14094242.221020369,978429.5136623903,2446722.3715759646,43028619.07622845,14349.786313028486,9086.99447192319,6184.834812982099,1362307.816277196,15333546.73001262,671.6222125054657,1901.5445049549148,738.9900229130208,9552054.6664269,295.36686497205693,2226.5709936942812,148.80476640267383,0,75.12977127240045,0,0,0,0,74.62469027838507,0,0,0,0,0,74.40238320133692,0,0,0,0,0,0,0.04999118611264914,0.0019487021854527838,0.001307395119381933,0.00042647210149538773,0.003692644622023265,0.008724447348529566,0.0007834463905787145,0.0004837088382362933,0.0007507517113441815,0.0073194737676560775,0.0005253927997222837,0.0011868784866478624,0.001164844286541168
1720298912.496,0.4008512457134445,0.036099163787791086,0.011511873236583299,0.007924318788891986,0.07179311922431941,0.0531259205339528,0.005229229055290445,0.002226411784226246,0.004837855736332523,0.0928238229317066,0.003932340857219871,0.010445962817406914,0.009308099752064576,58727217.60247259,7912207.503127859,526841.9462963645,3958972.1185102626,1491188.3540871304,7717127.717240998,10129851.38674608,358613.3254673501,53166673.36390769,9029119.260756569,14049990.331566175,974072.5347689549,1884558.581734802,50600399.73507985,633242.777912644,9354.009355777378,6314.999535618092,1392394.4767545583,15235712.299721591,808.2953607692584,1963.34943401792,596.3456358739171,7672237.943979207,368.04744361577855,2425.625841184388,152.7133083533732,0,152.97566805475154,0,0,0,0,73.48139643356895,0,0,0,0,0,76.3566541766866,0,0,0,0,0,0,0.058408681710489144,0.0024269913435275895,0.0013040411137814638,0.0006364993246810264,0.0048077935729386335,0.010351654689056253,0.0007621224915080896,0.00045762080822741593,0.0007315397832973328,0.007872234736145216,0.0005409322404999856,0.00135209138003663,0.0013549700309939095
1720298917.496,0.4370282960163099,0.04611593160470724,0.01454044077419823,0.010026169856632117,0.09188510432454347,0.07346960771989569,0.005109533779833095,0.0026919303463787667,0.00479624943127874,0.09125302263083451,0.0040245664250088,0.013206363692915692,0.010828456340841008,64652669.28878143,7628905.02753086,519429.9811348135,3848385.1070745005,1671200.9924666032,15086156.788871178,12504342.883467108,347800.70175438595,26163936.44652229,9074170.81927973,21742603.60076391,1238407.494145199,1869399.3121047379,56601966.73041532,610265.231942995,9733.275286605718,6138.6009894911695,1567731.3148384544,22386293.001014344,798.3132231258528,2063.6617183985604,660.3256488795744,7710842.926050846,379.7304062447852,3072.599531615925,151.48489219275862,0,147.4070608557959,0,0,0,0,72.57392937507753,0,0,0,0,0,75.74244609637931,0,0,0,0,0,0,0.060096100025166764,0.0026741059159608688,0.001451743770576289,0.001132354743309182,0.005453238497844647,0.014373653830284149,0.0008242644119493074,0.000606377430875481,0.0006518972127417841,0.009954231566530965,0.0005122498413496462,0.0013302190376379788,0.0012753545217088433
1720298922.496,0.47968432427628255,0.05697382673915417,0.01749079360988971,0.012006911330049263,0.11279767004816349,0.08306694181425248,0.005270854985162676,0.0025926918238993713,0.0047005593350243745,0.09102110414765056,0.003948161575918545,0.015778013784032145,0.01195334361041508,64699519.11775376,7683630.677479181,360499.9639587688,3860474.0654882644,1763753.1594117212,15265647.442354538,10036826.696519004,177424.39542917884,597.9671161882517,11413362.152689038,21629185.77541685,1222253.6622281482,1227818.2808584813,63906203.2939128,617177.9337430452,9890.867152021912,6676.325702694871,1659393.0973320524,30132729.876742188,800.6112621497236,2031.8540171848704,672.7130057117831,9698557.523093214,377.74826619448135,3468.7471846339577,223.11798670879182,0,148.9508709407615,0,0,0,0,72.78284201361124,0,0,0,0,0,74.37266223626393,0,0,0,0,0,0,0.061656007689836444,0.0029048409035854882,0.00150963539283016,0.0013373405237207038,0.010668285986182868,0.01484786501429355,0.0008768798892103223,0.000666234713116198,0.0006634947746453833,0.009953867835195222,0.000538129942016241,0.0013360309342691134,0.0016555008679660945
1720298927.496,0.5137413738594556,0.06545349176210749,0.019396227564043366,0.014400134186925605,0.13363510395313008,0.11645315077870337,0.00515157244310239,0.0032546431718061676,0.004656131760442318,0.09068823677627856,0.0039091866836630795,0.02064573877952756,0.013914981544659387,58159131.12582782,10018759.239798373,546657.8505069907,3929850.055289347,1754872.5857437826,22561527.56247736,13154932.841245875,355490.3028862851,530.1481056894033,9136333.327247163,21663874.078590035,1451631.7823908376,1835715.0219576817,64533926.710816786,604299.1646331688,10288.606098664646,8077.257648359749,1654431.6333802326,37173610.72075335,229.0443437901918,2096.404482058969,605.8835493593181,7763621.026493088,302.68432817897985,4984.395132426629,594.6357928356259,0,145.91311472489892,0,0,0,0,76.3481145967306,0,0,0,0,0,74.32947410445324,0,0,0,0,0,0,0.07225079844856304,0.00320264331214618,0.0014610963973480935,0.0020095697098603564,0.01237946124918151,0.018665039633062836,0.0007939657779087918,0.000680275501259784,0.0006212062547486106,0.010061154812579508,0.0005856115513872041,0.002011906405761093,0.0018648784653710097
1720298932.496,0.5419467996496925,0.07876943374716808,0.022517467161211942,0.017180256420533443,0.15559512294363997,0.1275795079844706,0.005317044657268912,0.0033147939977635904,0.0050206235672201095,0.08940448550046773,0.0038892914160238642,0.02346418797310768,0.014915456950038096,57428073.783502705,10198316.193928411,544967.1980267275,3863229.724099201,1761898.0131725383,30354025.857964326,12657431.902148569,350826.1010713127,438.7787895018747,11698697.100093545,28849613.75798059,1239702.924745317,1226674.7940931024,56710644.16427959,618761.3955595832,10480.138423590914,8384.775638122497,1659070.1866413674,45045798.630187154,220.3809318842139,2142.336687948635,511.90858775218715,9941287.034611786,302.3212901797247,5458.940373169751,1783.389572221617,0,148.47304032623472,0,0,0,0,73.4603106280713,0,0,0,0,0,74.30789884256738,0,0,0,0,0,0,0.07659930740321083,0.0035836406621070774,0.0015310397300534572,0.002013976833303716,0.01836865851314293,0.021568712492281948,0.0008174273110744568,0.0007461974356981466,0.0007912636358469853,0.008558908558804207,0.0005544066814744972,0.00288164756051515,0.002273608192805629
1720298937.496,0.5635601561335561,0.08997788003232178,0.025362318871659514,0.019145702403024028,0.17210437574604037,0.16464060474116204,0.005190976414488767,0.003702519491200177,0.005048011625380284,0.08985394962784073,0.003703559862389452,0.026709501468851638,0.016209226771040086,50459315.62620459,10105918.33363261,542124.2714175739,3838465.520655207,3303865.16365218,37218776.297789626,10356551.013296653,355649.9077069284,3115.167318557149,13514504.22621515,28161097.42610638,1247114.7450822226,1256555.454562318,49837385.855100125,612818.6748069671,10135.268888155724,9437.278372783729,3114349.63209975,51579253.797969624,150.24300779458963,2395.452967085184,667.5358539765319,11483667.165281959,295.1061798663521,5406.5668139402715,1671.5576248863827,0,73.55000897827259,0,0,0,0,75.12150389729482,0,0,0,0,0,0,0,0,0,0,0,0,0.08318211792508559,0.0039741680747265975,0.0014690946988976192,0.002113119531529184,0.018832176309934636,0.03076677517236045,0.0008264066283069853,0.0008183998500962376,0.0008118849839516344,0.010676450983787163,0.0006690694971452859,0.0032213692961149576,0.0023158728551015365
1720298942.496,0.5873356708264105,0.10054970906309064,0.028625534329778088,0.021582204364685727,0.19171056973698405,0.18733031884927118,0.00535250703705072,0.003915274085178629,0.004584028075059688,0.0896159593355002,0.004076766174639885,0.03134693360158078,0.018499391671252988,42626376.36350503,7584770.119701197,717648.6343096541,10416.376589412932,3326672.024548842,44970769.018282264,10432082.745373277,351480.9811075389,26409114.758840118,11285966.630552547,34751241.97047839,1249122.972574462,1861647.4041460287,42101098.31683884,615413.7701377014,8542.544044199703,9825.376499233476,3137313.947541463,59381876.49474793,151.30582542203834,2293.393057110862,666.4256273049389,9589802.527988445,6866973.50168949,5586.552639339428,1653.127866446524,0,147.45747457474576,0,0,0,0,75.65291271101917,0,0,0,0,0,0,0,0,0,0,0,0,0.0976815068421384,0.0040839317896365435,0.0015830587233083514,0.002267792570702693,0.020842131590446716,0.03810921697754951,0.0008412581961419952,0.0008349439894141904,0.0007882282003925822,0.010855765450749384,0.0007470892101636974,0.0037673210931226985,0.0025514566322290834
1720298947.496,0.5717889370482252,0.11293743246134043,0.03194394750438233,0.023954300767160402,0.20729374865074643,0.19570871705641144,0.005167582019268932,0.004083054458517357,0.0042821705430609106,0.09187779989582584,0.003497110907121516,0.03486625060403639,0.019529582976493758,49367575.071025275,10173578.579068543,555429.5414706154,10649.28502114726,3265502.9331600517,53192693.63478518,10190560.675495254,345058.51005584555,26711402.303894676,11231262.01594942,43040673.8511814,1208322.9107447413,1833420.1311724214,48762241.4499946,1219273.037109552,8993.892425500508,9899.335371770692,3076750.2391653587,60110301.82127157,147.80067116515713,1046.53794211045,599.1588955933443,9544115.525540628,7088759.330995612,6039.7953382603755,1628.1279924837843,0,148.51072315585284,0,0,0,0,0,0,0,0,0,0,0,0,0,0,0,0,0,0.10737732681401409,0.0036223839214653206,0.0029090314220661627,0.002194750683028901,0.02696101975455661,0.042769975324715735,0.0008399397073952517,0.0009273699678407971,0.0006759618607811643,0.013216941320433407,0.000745770721416954,0.005122872768553532,0.0031386191683393364
1720298952.496,0.5045794826271265,0.12315396944312057,0.03503065560881723,0.026034671011235952,0.22125069409153253,0.2041781741930841,0.005279865888947531,0.004362327776757849,0.004367441975308642,0.09075600726471013,0.003755083702228174,0.038062606961289866,0.021454179105554652,43669133.11489977,12855691.754958387,543961.6515960344,3845711.3887640447,3227673.428138309,59085363.7508546,10279694.978797752,174307.47200293737,26328676.07461476,13554491.253433572,43234573.41006345,996631.8541651537,1832784.687268857,43130794.32072713,1844303.6990871427,6024.185641137378,9719.946067415729,3035262.2536634663,65722443.09308769,298.1782444901451,1052.762988801175,590.5740290168513,11518112.476507159,7121839.161871035,6247.07676664972,1625.6607313597087,0,150.16314110789307,0,0,0,0,0,0,0,0,0,0,0,0,0,0,0,0,0,0.08978756675620546,0.0035955952351776734,0.003896321988117666,0.0031684886757689405,0.027602891679378086,0.041107266513471456,0.0007761232878899204,0.0009331034968997094,0.0006776764039696181,0.01545614295401124,0.0007943119340457488,0.0053858185435000485,0.0032782846940200535
1720298957.496,0.5042218070142641,0.1344121980800408,0.03749204680843381,0.02836240154572933,0.23836449812426097,0.22713049450409928,0.005224626939811454,0.004825804797672964,0.004782564185029339,0.08830591138897423,0.0038206725636641715,0.04121390189129571,0.022594322044522448,44155417.54687704,12775443.175401205,714633.5475485594,3870845.6623649294,3217402.712628632,52027639.84618734,12795173.313995646,348987.22338819545,26847758.29305497,11296546.410566827,35151368.52335103,1239405.4894586485,2421934.1296989447,43609217.84973173,1832705.7580559957,2957.6142681782076,8599.9022606744,4561363.1504308935,58802919.538562,297.02683103698325,904.8934055009388,1053.8658041276904,9599248.32408796,6948936.056870332,6072.975807326512,1907.2657915002594,0,149.22491210812976,0,0,0,0,0,0,0,0,0,0,0,0,0,0,0,0,0,0.09429235144276474,0.0037284169252958677,0.0038432916490774827,0.0032146812015341818,0.02740170709137627,0.040548378604152065,0.0007389550949435768,0.0009999382832717486,0.0006933858729664642,0.01506536472115278,0.0007998332073486548,0.006086639788263532,0.003821879376490612
1720298962.496,0.5051025504027556,0.14729550743278297,0.03967180538704198,0.03054848279114465,0.2506361500644482,0.22745870000720098,0.005345506222400642,0.004766757017284681,0.004752820280040282,0.08507203942275793,0.003768410901970943,0.045549118565616616,0.024053112756347205,49373550.384815484,12553978.783921575,918929.7593937244,7602441.913439635,3571237.877385037,58917422.04939871,10304875.880442318,349981.38572905894,26738667.008328,11520405.765048472,43290930.19561484,1259298.034954603,1852920.4094270207,48771433.02057731,1807410.099998211,2752.4312620163137,8455.580865603644,3378941.5972260046,65546913.22819903,298.9671909784314,756.3894223666716,1049.583600256246,9789166.721958052,7132231.782330016,5506.694414261772,1939.6058718537136,0,146.54478452979373,0,0,0,0,0,0,0,0,0,0,0,0,0,0,0,0,0,0.10694690571582996,0.004262591151365188,0.005195906710807234,0.003327576311122229,0.028574762005088978,0.0451443165838954,0.0008091524013510308,0.0009467131476878325,0.0008027028106315075,0.015256364997368103,0.0008564355047520986,0.006895737721007903,0.0040930447195040125
1720298967.496,0.5221891194526296,0.15735758769911506,0.04287852906755556,0.03323288173937808,0.2652058689940285,0.22974159964126226,0.005256119245518432,0.005173350462780976,0.004450835496551248,0.08510345163679454,0.003993987997975591,0.04785829727286148,0.025093847491747985,42683061.08208753,9945015.50442478,724010.7972970525,7604294.975169541,3566398.677078549,67271454.71850061,10361337.07638392,340906.4074616732,27087051.84306163,11570699.451933047,42362252.91012942,1012587.7924570082,2457317.711922812,42159056.8159222,1201904.1415929205,5194.296998134024,8748.86527473701,3364627.873220028,73931840.3982722,150.30916863910755,731.8729228460137,911.3698731736259,9834707.747000445,6979354.782734438,5517.159938002806,1931.4447386557363,0,72.49557522123895,0,0,0,0,0,0,0,0,0,0,0,0,0,0,0,0,0,0.09904959405194078,0.009779513428310644,0.005377507718331201,0.0031814208114203813,0.03636335774412743,0.04549238859348444,0.0008698684377133163,0.0009529160872314322,0.0008053107728988264,0.013046704810960265,0.0009187002067151932,0.008579403871229137,0.004636800571408058
1720298972.496,0.5317150672062837,0.16911037433660495,0.04538863749744807,0.03546826960072095,0.27922732564692887,0.244883052934574,0.00536534189361584,0.0051612908029412844,0.0043813162203618465,0.08597958636904117,0.00402376460410614,0.05130641788493708,0.026496607509831287,36326813.481820196,10209402.835332608,744077.6526048143,11781018.961616978,3432356.717929828,59056462.86976356,10440873.407658031,527305.3246129401,53991942.78427677,11257469.246567938,34832548.24037244,754389.1192086698,2455625.52327794,35870888.41359983,1235574.5547073793,5929.511330524674,9039.780773545694,3228141.3758172947,65737173.974437885,151.45968532179634,681.0774858663119,832.6587939605627,9568328.613122905,6887355.724809589,5064.513782820569,2152.624997734728,0,148.8913122500909,0,0,0,0,0,0,0,0,0,0,74.22844819774923,0,0,0,0,0,0,0.10048710688709249,0.00985358773880135,0.00690213414843074,0.00399128754672265,0.03624424831301059,0.04380151751164678,0.0008810429263009117,0.0009660020742926689,0.000921172796865684,0.011009241644615768,0.001086891189773696,0.01038283442429983,0.004751185123711074
1720298977.496,0.5767267961248853,0.17967264902100255,0.048233395359067406,0.037863447171939624,0.2891104059630143,0.25754267843900297,0.005226213903645356,0.0056209634437233025,0.004342342614047793,0.0857722589446729,0.004932623467945418,0.05549090895368528,0.027870227795231267,29074303.17722681,10525758.526449775,734469.1520950181,11468888.00558629,4951961.899969448,67291074.1216638,12926597.838431947,527668.34932786,52888524.83707458,9017966.096804444,34940919.60850972,761459.0972682424,2460486.0261136433,28703669.715335168,1902092.1717644415,11261.409875728581,8287.19270917262,3102825.0813219994,66458310.510664865,150.06411430664957,681.6442003661174,815.6408399710353,7665337.661400852,6908798.22505323,5353.361313599882,2082.6992572684185,0,153.34506383138032,0,0,0,0,0,0,0,0,0,0,74.38211633101494,0,0,0,0,0,0,0.11624177248987148,0.010983149279194982,0.007323884799626194,0.0042117175871622965,0.032715025542031574,0.0473572965945375,0.0009077852693015633,0.0009409232635948353,0.0009320346948907763,0.01125564699783264,0.0010571133740721632,0.0107492323584709,0.00439643968550693
1720298982.496,0.5941453389902344,0.19271794420242838,0.05079210203461888,0.03991432515924141,0.3017051545433038,0.24689659661568017,0.00533618313702959,0.00541104860545979,0.004331047650574394,0.08490744812501123,0.004803575354260106,0.056230895973280286,0.02877723861944756,34930539.28338072,7834905.032903884,731091.4774655686,11556959.454338763,5007348.632368196,67551690.23867583,10137041.080149384,353328.10534882,78414294.24184948,11250118.566259203,35028036.87892377,780172.1769805232,2491940.96998879,27671634.803185757,1888662.6007971081,12584.841285436129,7095.328317003194,3129937.6512766383,66694989.728811055,147.08417121516808,681.808093511874,806.2126471746054,9562224.710605433,6926023.748878923,3919.690771944309,1806.627092790326,0,151.8583742700899,0,0,0,0,0,0,0,0,0,0,75.27612886626359,0,0,0,0,0,0,0.12093781648136058,0.018038974458110986,0.00897874324230859,0.004893987683460596,0.04140712948081299,0.045916707085775124,0.0010769131979252156,0.0010570477176321312,0.0009797010016357596,0.013403063243187598,0.0010462077299975665,0.012046696301293236,0.0051528414855215995
1720298987.496,0.6264538302312666,0.20274692267880984,0.053053601028183246,0.042019915490090855,0.3089596523126291,0.246378599846334,0.005212090708328011,0.006033003671258766,0.0040025014031453325,0.08747031129643133,0.0048150344715093985,0.060730171500630516,0.030272278812756553,28448940.68753023,10299813.390391544,940504.4707610393,15799171.1478322,5063346.11979935,66714132.00643934,10304477.74269497,350328.5231362,82536386.4770694,8896067.142018884,28309064.230824992,760032.311712996,2517291.331562622,28092706.160543147,1859271.3373932445,12784.724134765447,6821.4873892044925,3161059.8996754205,65851532.26986683,149.51360624920153,3796.5904547271994,1002.881627271871,7560473.550383187,6998149.920255182,3892.6110715134237,608.6294321959917,0,149.814377937492,0,0,0,0,0,0,0,0,0,0,76.07867902449897,0,0,0,0,0,0,0.12075487069596878,0.01811775801831807,0.009089243275610103,0.005035979373041334,0.03551973547976475,0.043597524415267444,0.001090258969567148,0.0010789872017795896,0.0008270011884823163,0.013383668162960773,0.0010657201698137675,0.011471514949667293,0.0046620979406768815
1720298992.496,0.630846208911832,0.2130584416513727,0.054960837442856625,0.044185914864549064,0.32190219184786656,0.23144778439666736,0.0053468130519060955,0.0059764301438848914,0.003570575735653183,0.08616052470932864,0.005021317778627747,0.06402206720646292,0.0313887905817478,29584342.607950207,10437309.30797323,922304.0207335949,15343009.72514336,3524280.0567884627,66900404.24475382,10133402.254289612,348749.3525179856,105674073.82756686,9046928.81037195,28449977.596852634,758230.1506068137,2472288.938392433,36497215.676773705,2511299.1120256567,12974.622943738526,1988.027827212425,1697790.9287902561,66016841.00564618,220.54706009045876,3462.4460431654675,592.646181114467,7688730.3762906175,7033096.77066827,4192.425793244625,673.1183581053938,0,151.86400459744544,0,0,0,0,0,0,0,0,0,0,74.79092867837709,0,0,0,0,0,0,0.12539272284394395,0.025107279615384507,0.009170001023640656,0.004920873373619909,0.035108223806157815,0.03849628684336234,0.0011366150848405674,0.0011889016547648476,0.0007691159595006912,0.010958570050624991,0.0010584108419396305,0.011430586586518063,0.004698256973416021
1720298997.496,0.599857774055805,0.2226713971530643,0.05783921688288287,0.04584475649242397,0.3275805950420799,0.21522889475204457,0.005235239967853293,0.006341534792921,0.003572025674198241,0.08537891098019376,0.004611927260016878,0.0659996506524211,0.03205677021862943,36445670.02871236,12956737.772539776,764660.4684684685,19760737.9691031,5146304.5527054025,65528383.73079632,10310213.081517471,529991.4614121511,79849683.96501458,9043754.228711871,21549776.518635716,748618.3111046943,1870704.8318941758,43184182.58116764,3113786.6823806716,22435.747747747748,834.586744711592,3250799.6112873354,64663012.8716625,224.44245556996475,3512.351760627623,597.0845481049563,7686365.7655052785,452.1137643033225,4435.380533848292,3687.37828403454,0,75.42722451384796,0,0,0,0,0,0,0,0,0,0,75.25261804152122,0,0,0,0,0,0,0.10167900900137017,0.025255343033331434,0.010829937738408634,0.00632703267726814,0.043036556692485704,0.03421193597563292,0.0012348297497583804,0.0012873635354827707,0.0007511336811677267,0.013016868074372573,0.0009867470214045921,0.012532423043523847,0.005181935407800584
1720299002.496,0.5858420782010831,0.23348972275646973,0.05951705298049231,0.047537273205161185,0.341106600169519,0.23604653742463777,0.005317811196628186,0.006336821427922772,0.0036365133019209558,0.08499499593295766,0.005037464286360274,0.07068006307729036,0.03352892178237809,28948985.902649865,10459605.09412245,967893.2058178921,19607587.98661912,5054055.219923898,65206713.00278953,7758906.358805205,702641.166748397,79415561.00036244,11399640.641243095,14125410.168755766,514322.27261876344,1869430.967718255,35708920.97824303,2519071.176623473,22183.049865058234,301.14325625850086,3196521.3251339025,64342620.28255197,300.23822613157415,3347.68157794366,593.8383472272562,9687763.491455564,444.51679418308106,4061.6266044769272,4209.583585677843,0,152.08109011250139,0,0,0,0,0,0,0,0,0,0,225.51340637559875,0,0,0,0,0,0,0.08994206654953373,0.025303568415095515,0.009602127024161274,0.006442553672257634,0.037530118224692446,0.03882916282191141,0.0011295436122695675,0.00121012293122187,0.000819389852688829,0.01065384084687765,0.0009973576596331033,0.012863796162179727,0.0051123795290958325
1720299007.496,0.5876513663548313,0.2435083323475113,0.062284379607914976,0.04985252184714306,0.35082063392275986,0.24055968087099044,0.00519516274318202,0.006820985007092452,0.0036099386647794433,0.08495464618997817,0.004879071317302015,0.07344491824772757,0.03480009468345258,36319788.85846092,10109354.698786544,978747.3799926713,15589924.886745581,6726392.131337239,57977989.95011077,7524457.883983298,694863.0528073547,79520762.44397263,9179681.547127577,13983781.697076043,504834.5116144855,1843033.0585997647,35883757.4665956,2439421.985624922,22438.695492854527,673.3888645330995,4766817.386273234,57208408.47936892,145.54499422581503,3456.6642127376876,594.6250022683143,7801496.7798756,440.0436892334688,3767.42172846631,4154.985961416539,0,146.83371870014878,0,0,0,0,0,0,0,0,0,0,222.5885336473146,0,0,0,0,0,0,0.08721688009696822,0.025720083221968164,0.008303788363213294,0.005628745626462083,0.0481963187223256,0.04189463014135778,0.001239520924823694,0.0013655342097544656,0.000815450650473405,0.00822245354322547,0.0010530392179819658,0.014939061679004348,0.006058226135635795
1720299012.496,0.5987122721505413,0.25428418110631273,0.06508911915797247,0.052446205643144304,0.36181649408992095,0.23854633890571889,0.005331572717895824,0.0068437058549269255,0.0032972337196075672,0.08495835070995388,0.004833936947930124,0.07777889130120132,0.03663244320318348,35326481.146574214,10113575.716307988,1006925.4547133228,15822305.352279676,6811750.443027568,59451242.79592137,7800823.399395859,524293.8760871515,103846820.41802928,9085215.67345753,14223616.806600252,513111.5935735996,1241069.3828377416,34909180.74269988,2444741.0539896428,22463.521373834363,10016.71082127573,3293292.6539634983,58671931.43194915,150.88779193988063,3525.652290863445,145.5993175031992,7721369.793368922,522.1920702278398,4149.9493414387025,3887.92143548181,0,146.7916211227982,0,0,0,0,0,0,0,0,0,0,224.3031597393352,0,0,0,0,0,0,0.07528430163246873,0.02608420614425088,0.008338660351232666,0.007502222857052973,0.04945973561424674,0.047448239310733616,0.0012647543387928602,0.001463903402886945,0.0008932257815039592,0.008628203650390602,0.0011349396510126422,0.01460719326673577,0.006004826862533915
1720299017.496,0.6213924220405468,0.26568962203035634,0.06684914397264378,0.054400554736594296,0.36975232630610866,0.24214377427479278,0.005120666264774124,0.007384738643963631,0.003795203578804979,0.08601754058668035,0.005504966233157098,0.08159353186678002,0.037789550371042646,36273633.610734314,12925540.988414722,793237.6570955175,11603268.729966136,5019994.199002512,50281502.143469565,7736689.355327818,528408.6546282739,106794790.6636691,11478138.483001688,7044449.142300546,510916.2942996183,1209928.3540654527,35845293.25072405,2493925.7955711978,21803.747378069198,10013.944475633387,3187218.563191964,49604444.698485285,149.65017080433316,3627.858214485838,299.46445870117526,9755105.661208605,886.5960785728458,4520.071639198944,3790.3653479970803,0,150.16864642909516,0,0,0,0,0,0,0,0,0,0,218.67492392290848,0,0,0,0,0,0,0.09135353229742975,0.02660883083795996,0.0071465615062130325,0.007509578484859526,0.04938440878030692,0.04971373654629462,0.0012270921450143074,0.0016760363296754231,0.0008594273736790548,0.008346759973409223,0.0012099373285816386,0.013782015083568357,0.007023189677552238
1720299022.496,0.7596391072611417,0.27913484721333065,0.0694972873393836,0.05586922191342118,0.3807440659767141,0.24448698739352026,0.005167721709170987,0.007367100130926256,0.003872131048314868,0.0841053802907569,0.00617731411952303,0.08511732691863048,0.03923274027841896,35886153.35877313,12903175.43121582,808673.8431125887,11792472.35514982,5092181.1125485115,50620384.317539215,7519274.845492647,536802.6701580336,104631741.27001183,11185684.315934408,7078971.043380567,502593.2236549577,1211388.47260201,35464432.57253942,2492018.6570576727,19948.1714439752,9875.874254582935,3237735.8056633603,49937680.767914705,145.48554379484264,3776.5771081893454,366.7490419397586,9506502.297802335,964.8823977095639,6993.61493997332,3854.6823395717174,0,149.84178083444607,0,0,0,0,72.74277189742132,0,0,0,0,0,290.91942185446925,0,0,0,0,0,0,0.13306352885988687,0.021557917950406114,0.007043444356458385,0.007527202392479282,0.05460905372909874,0.05091402971625693,0.0011742909133851081,0.0018131678600581793,0.0009330914827656891,0.00821970010322105,0.0012889082995806342,0.014821544820311028,0.007461512451957822
1720299027.496,0.7819027748795782,0.2904269709141274,0.07150739373814044,0.05729493789406741,0.3864274069958999,0.2670718024817705,0.005027693090567876,0.0077882693601488695,0.004079400743374883,0.08382493979580716,0.00649745515040521,0.0865083123645427,0.039897052929094644,43629714.95046805,13026944.11819021,998740.0379506642,11653300.481511766,5163260.213794113,58629412.96441821,5094260.028511107,352302.3189235614,78307445.25651795,11366351.633179523,14164624.684955848,512813.75523768243,1239811.1129287311,43121279.3601745,2515541.569713758,18770.828112133473,9749.722903606797,3287101.4789866745,57836023.0267366,147.82467473879856,4470.655596908102,585.5506513464735,9660416.669694439,965.4947326431071,7249.819390261523,3722.4857771234347,0,75.64173591874422,0,0,0,0,73.91233736939928,0,0,0,0,0,223.34914662740607,0,0,0,0,0,0,0.16607216273103187,0.02135129248676801,0.005473874449223458,0.006295890991238231,0.054882331609293254,0.06640692512794667,0.0011922282400880586,0.0019013197991395038,0.0008863333637334803,0.008215265173492073,0.0013249999843040307,0.013682854661247428,0.00770243406547739
1720299032.496,0.8110105208582944,0.30103312944855853,0.07391045947039354,0.059334165056302214,0.3984564042557139,0.2543203341427102,0.005247784803745046,0.00768882572043633,0.004003328673220903,0.08253332345391325,0.005467570598520978,0.08895772768728488,0.04112213967391305,50780926.98689322,12695199.942483285,1024150.6436189776,15534150.671994189,3539623.627189077,56748424.08989401,2546098.379546273,356257.67470467987,105400753.17037971,11389369.112854777,21341919.201486282,754182.0504631109,1848765.2173913044,50187636.78611626,1845467.539003523,13859.212945936008,9745.296040682892,3335902.641733452,55993573.00343837,1032.4810947065178,4519.908102534416,591.1067015423469,9679800.469697246,969.8735929474335,6977.110614287236,591248.695652174,0,147.2427924365519,0,0,0,0,73.74864962189413,0,0,0,0,0,222.60869565217394,0,0,0,0,0,0,0.1794620797084154,0.03152909278309619,0.007617734830102455,0.007935546782193863,0.06665073956373753,0.06874995837502101,0.0011607175827563659,0.002003745585383199,0.0008818089155728035,0.00808902043628702,0.0014250735117735914,0.016179543245203386,0.008863625830927833
1720299037.496,0.8168122865259889,0.31423680662893516,0.0763098758167549,0.06106694914233577,0.4091792180594018,0.2573317997750894,0.0051253169086668,0.008252047834399588,0.004001300666341612,0.08482569017163505,0.00579832104228119,0.09475630918370964,0.04262183314553818,51210813.41006669,15321986.293691121,826825.3330899798,15612636.496350363,3488172.0149861546,50763639.635064304,5109131.005551236,362492.5362158982,79133785.07322533,11304663.99277326,21335999.708656542,509804.13284656004,1888395.4411954859,43387367.351785876,2473316.528940564,12335.097645555757,9791.532846715329,3289491.810102985,50097602.23459634,1036.9057736469993,5120.376498271931,591.7258067428716,9608098.57271906,1193.3428019957028,7259.064970049268,602782.4223728689,0,148.1293962352856,0,0,0,0,74.0646981176428,0,0,0,0,0,226.97969965088575,0,0,0,0,0,0,0.18254308487423562,0.02425591866204894,0.0061417555809158576,0.006683471314819426,0.056755168385101015,0.0663310224447535,0.001109871445568715,0.002016086517964547,0.0008318908506330478,0.008174836528324708,0.001515546707908225,0.015347160534171884,0.008322870661719946
1720299042.496,0.8056089286482937,0.3267283500640945,0.07969412098545033,0.06359766823992133,0.4185405831889707,0.2580949678390707,0.005310934397810215,0.008101691234379213,0.00427625594840201,0.08059917266923967,0.005650858242210544,0.09810322289741005,0.04402041545514319,58411797.39909169,12763070.034484627,819273.1232705525,15306891.49906141,5184970.116933738,49797081.31993444,5155952.116788321,351527.6094578801,79170734.54860798,11440045.362257872,20969816.41820427,529439.9560721149,1867857.3933372295,50509663.34105459,2475407.731056024,12357.832723377667,3561363.4397068024,4880297.964486791,49150832.299907364,1046.4233576642334,1914.879079385058,444.00281837726504,9724356.971703464,1099.5579576569967,7796.906744760683,596684.9795441262,0,147.90474299023236,0,0,0,0,74.74452554744525,0,0,0,0,0,224.4301578024547,0,0,0,0,0,0,0.19463919571357596,0.024064545943183465,0.006104738693674829,0.006775259835840141,0.05713144596001913,0.07020290887670502,0.0011149154271980107,0.0021358073169403064,0.0009594735480538612,0.010247578820325596,0.001511444477658301,0.018314531087740695,0.009772037195674623
1720299047.496,0.8591077284248534,0.3371335103947509,0.08318374623763794,0.06635013171025937,0.4267006058455042,0.27083568079705544,0.005189248197809857,0.008584663559738581,0.004415841947333974,0.08030593858813183,0.005511979273308569,0.0996356063261574,0.04460337167022793,64386946.94694694,15122467.63898299,1016734.9863838326,15654205.114145236,5111223.012901279,50610141.24345004,5187525.359062311,354935.46449181705,53129339.05579399,9172950.188762235,21044995.95883399,527879.7776610961,1821319.6581196582,49569917.345917344,2453174.3394073388,11961.588075103913,3641412.951691616,4802302.14193182,42840715.53677951,976.7228570904489,3355.4823323806236,521.4228558958318,7797608.180918522,956.3733678179499,7490.286252285854,581944.1595441595,0,146.06140569839175,0,0,0,0,75.13252746849606,0,0,0,0,0,218.80341880341882,0,0,0,0,0,0,0.2022625518741648,0.017162393275313763,0.006199385842869379,0.006784512977854726,0.07081665045169952,0.07153116163760112,0.001127548449250963,0.001964422505590045,0.0010245200065728255,0.010297095889044816,0.0015196008527165745,0.021002478925036268,0.010890186322106648
1720299052.496,0.8843304253858731,0.3502145772873514,0.08546020732972857,0.06834871184627997,0.4382398655065545,0.2829691031532857,0.005277049021202753,0.008566591505763426,0.004488576935588786,0.08192785824197657,0.005616340086699443,0.10389340264777655,0.046189959662712374,64806634.826514296,12792689.151574304,1017456.3329510078,15277389.32658372,5180625.819321744,44031397.15946722,7662925.004067025,357679.50256354315,52799551.218101636,11295754.375191893,21252647.9603867,795047.9659103326,1846058.4655941352,49908964.76380429,1882386.147561725,2610.0096491707177,3551127.303839435,4873557.138785979,36218282.43432188,962.4929956799161,3351.1508672411915,1036.3623219836622,9601472.592967184,965.8099504833766,7458.935790508796,587150.2807720781,0,148.067816216607,0,0,0,0,1897369.8461760932,0,0,0,0,0,221.873137966524,0,0,0,0,0,0,0.2023202514948623,0.02869312167045346,0.007186751201323514,0.007622965056468251,0.06174748551584868,0.07386674408720567,0.0010712286457773583,0.002098661766577344,0.0010856761164355275,0.008005687395930036,0.0016447702821977281,0.02062858931500986,0.010678347319585205
1720299057.496,0.9022372660511649,0.35748159855769235,0.08758872832825854,0.06959961044837516,0.44555664334426465,0.2619799342454931,0.005213221582075901,0.009080878327473634,0.004846764645708147,0.07908213410440765,0.0060696007558276345,0.10715113808956869,0.047637332342869584,73668864.76743971,15118951.566951567,824940.019809971,19156105.521077387,7181050.905567564,42975492.06349206,7753744.855967079,179863.0982277391,53367715.76274592,9213156.75854587,28365761.877941094,1062506.676435571,2467856.141177323,58334307.983741924,2463799.4301994303,2704.721376426134,3563131.007100316,6756629.350823582,28280360.267183796,898.9849108367628,3379.780440553921,1197.1576274592185,7833487.96498906,6999048.093170297,9303.122996611412,588652.0392078706,0,72.93447293447294,0,0,0,0,1919857.1925011433,0,0,0,0,0,74.21230953200588,0,0,0,0,0,0,0.22232711392448792,0.02898786916880229,0.00709958545301006,0.009894562894139947,0.07455694384489593,0.06561125889667435,0.0011892815989615708,0.0023383469878674058,0.0010293696057828879,0.007964332334228835,0.0016469264596646164,0.022616654802076752,0.011637131147834706
1720299062.496,0.9097256302424078,0.37163163129856536,0.09047829836189245,0.07160330642674453,0.45900307160398796,0.2808234701641067,0.005279410228649025,0.009100428913130142,0.004724902618926205,0.07911082638938946,0.00624095203916369,0.11225497775578151,0.049464215513108895,65082143.85870054,13012664.768447932,1009543.2697488953,19432837.453971595,5375230.554944651,52417232.94152991,7777394.061731566,181472.11249229874,53207344.35783492,11279648.237583796,21546365.135453478,1300562.0084585617,2511384.6380766253,57166753.96954131,2549682.3116630237,2648.56126737795,3613728.67274937,5053715.123524668,29572984.640805133,901.9708591771571,3265.7558076323703,1193.5601369563633,9589933.828299575,7089677.267373381,9435.57995140826,599092.2969136031,0,300.9717655271231,0,0,0,0,1926459.426725878,0,0,0,0,0,75.51900881300934,0,0,0,0,0,0,0.22221614745486334,0.029123652861837254,0.007272563574082242,0.009851429031386284,0.06509622887503354,0.06816698803595925,0.0010756739722481074,0.0023572425788138847,0.001092267473560998,0.010338170013031578,0.001596814951539093,0.020907979447623952,0.010827590494786639
1720299067.496,0.9178159683414886,0.3821401985477139,0.09204537057755442,0.07348160198616582,0.4697172613990062,0.35528767989436993,0.005115521993975246,0.009581524775523778,0.004798474302606233,0.07937361023884465,0.006382494032663371,0.11446724384540084,0.05047197019454831,58733089.31570876,15896999.681844555,1036714.7809181445,23326846.789273974,5367915.397076758,50194800.12934286,5130740.609008093,185101.7256032221,27331598.196411535,11588775.411960747,21629313.626958318,1055892.099633806,2460751.964450225,57997077.630906306,2591687.9830816165,2779.5976010124164,3608102.9756177263,5050085.658639582,28334774.979341067,891.9536892534388,3329.7121531241914,1992.4788115773918,9852696.31549713,7116996.748448122,9207.497915231499,587182.8609620839,0,306.6269908109221,0,0,0,0,1905064.4212971365,0,0,0,0,0,73.98977582687549,0,0,0,0,0,0,0.22277068758676186,0.0304424856966545,0.007490615724865859,0.008545650299348406,0.06607111403894889,0.09311813558924763,0.0010317800837038585,0.0024191001629936667,0.0009855520215134063,0.01026269345989415,0.0015360494297774329,0.020232705643921475,0.010507268265076645
1720299072.496,0.9221588599195344,0.3905269759009177,0.09595360745606056,0.07663947822283437,0.4786312431453888,0.37780867177308136,0.005174791112684783,0.009296092660717537,0.004330716429012023,0.07874793417072912,0.005893509254627374,0.1177408218707769,0.05205103992331745,59197971.81856595,13216269.790345445,1227637.4222189877,23917297.695715297,5378985.572112149,59522533.37806105,5005480.959546782,361710.1438717902,26501912.12220166,8914261.964914778,28908017.267893206,1063383.1768873956,2533469.92257296,51206283.24729485,2585097.664701932,2384.7749354099196,3698872.6501135393,5069939.268234995,36761939.69212419,870.1779233424803,3207.5760335093787,1932.0053699067519,7579633.2064192435,7137055.935375094,8901.420796961176,605236.4502680167,0,305.60322315899424,0,0,0,0,1858555.0146056474,0,0,0,0,0,76.23585467540202,0,0,0,0,0,0,0.2157966787455075,0.043109383940491755,0.010759474703408248,0.011211697949404532,0.08174619860615977,0.09031548770984962,0.0010251478782007455,0.002459273784167341,0.0010323578779033674,0.010474012332796063,0.00145748530635669,0.024268006080996458,0.010813831240273677
1720299077.496,0.7967008540405248,0.40059146726283207,0.09850515385318749,0.0787630949932341,0.48591955201652354,0.3645036297105995,0.005107976045939296,0.009672163950438637,0.004386378168349196,0.07727726573144825,0.005005842086566324,0.1201557993257727,0.05293057659767611,59016638.23913725,15574422.458815124,1234372.9929410042,27047789.120433018,7110226.763778672,50077847.93477287,5154217.336614711,361553.40508275304,26524046.771733608,11460308.548824262,29169248.350004673,1066606.4747806012,1854205.9549745824,51016785.46846533,2536591.229774056,2097.362934786584,7170826.738836265,6700211.182374896,28281446.89543948,896.0350013672409,3185.818938229176,1859.2490376933692,9744165.262618123,7201868.4864915395,6228.687638555541,590305.8823529412,0,300.2327243407671,0,0,0,0,1913706.7541700846,0,0,0,0,0,0,0,0,0,0,0,0,0.19491713818400022,0.055962506823242664,0.014039132836899127,0.013861531888703583,0.08297705454939427,0.08941372250882014,0.001086428544874565,0.0023181321345897487,0.0010252812779563197,0.012510084368252369,0.0013840782009283128,0.025421624474128605,0.011307733531466623
1720299082.496,0.7953368739506397,0.4086180234365049,0.10087713612372877,0.08049495761763857,0.4942082070270655,0.3376013423319931,0.005258635376873347,0.009667212431390002,0.004475403352386555,0.07796136682195666,0.005015557662446793,0.12546299467510844,0.05506088853281571,50442782.34552334,18039855.159488324,1249356.4558544972,27051085.450346418,7024524.45904449,51806343.99955532,7785093.153100206,552331.1081441921,26849430.939734235,9221072.200637119,21366153.486417864,1065354.242529598,1870307.647231175,42695800.828679524,2518178.794330112,2184.4529856373097,7170956.120092378,6604262.515175319,29266618.59146579,902.7328827505141,2354.5468031449336,2183.1682258449887,7840830.24287845,7036850.331561354,6071.035151603872,595558.1599765603,0,372.65498480630305,0,0,0,0,1928011.7543344107,0,0,0,0,0,0,0,0,0,0,0,0,0.1608519534923784,0.05683049199499802,0.014206978047365952,0.013957481676922111,0.0845217987164275,0.07949315074631015,0.0010196615917975257,0.002122017264635117,0.0010233182862731873,0.013159621515232624,0.0011801603399244514,0.02551230415532811,0.011253154754070271
1720299087.496,0.7502346854085211,0.41786502334722836,0.10326196521396457,0.08268118153292842,0.4986399538406059,0.3477661433675993,0.00498716051756974,0.010135401381399794,0.004653369632564169,0.07822952700628302,0.005109780735360858,0.13110293259498998,0.056288627932697524,51379285.0560787,15540926.137194678,1216613.323302345,23585089.234269775,8847167.976920303,51251975.885511145,7911173.382127788,537234.8199311104,2230.2247423067533,8940954.448093675,21218655.86926918,824977.7561596168,1236063.0960583095,36241897.02076105,2528397.835307884,1980.9769466387233,7293010.037249757,8321246.3036422655,28954508.639803562,0,2363.744567275613,2230.2247423067533,7603013.565614737,6994175.651384476,6130.245262192953,1633.8252891902673,0,299.54658475939743,0,0,0,0,1960050.4873221556,0,0,0,0,0,0,0,0,0,0,0,0,0.1307181701958816,0.046580456502565856,0.01520070343685453,0.01480232517419391,0.0867824138165208,0.07866973362965034,0.0010973247262599135,0.002000130126923236,0.0010865572301242967,0.015112053285336248,0.0010599320046645376,0.026706339898917856,0.011748806154300498
1720299092.496,0.7560303065593518,0.43057167460229784,0.10641003566175802,0.08488222434180559,0.5072481874780226,0.3399480070268871,0.005009934131736528,0.009882748225559084,0.004525996541058928,0.07578136390120802,0.004874782026219968,0.12942066457924922,0.0563976608583128,43774691.77982187,15658421.564295182,1434674.7044831407,27313159.369590964,10840417.670682732,51723153.07518769,7711898.076188049,530973.7846417235,2173.8987207408354,9296660.592677813,20958218.045517314,800062.7314310607,606634.6409515537,36033093.29829172,2548989.2473118277,1710.602291504004,7241453.3661291795,8508563.877630338,29219163.43060024,0,2045.2972857295717,2173.8987207408354,7906068.174648829,6908157.176419949,5650.475568140564,1597.3623101058265,0,301.66445721019295,0,0,0,0,1910641.6467975902,0,0,0,0,0,72.60737773208302,0,0,0,0,0,0,0.1128603431565925,0.04715542756480021,0.01532695658189423,0.01483685242919023,0.08868430442651497,0.08555910424059959,0.0010447335598125016,0.0018279506287648675,0.0011489067404719033,0.013051216965936257,0.000941420819830678,0.026656342164039254,0.011641092439692295
1720299097.496,0.7709155021283562,0.44541289448521226,0.10811497671850392,0.08693181591275072,0.5130748143511062,0.3599500270549433,0.004813416938170709,0.010254872907055816,0.004042799528176418,0.07588222511861263,0.004981316847717312,0.1325909703505027,0.05721876345172268,36355911.80964855,15753478.318879252,1233464.2359288158,23520744.839701362,8908101.53606774,43482442.44708611,7801753.97132181,547147.1263945303,2106.9585114497054,9109246.078057116,28352038.430045303,801158.9760432062,605863.0370055296,28716408.35334352,2559582.5365058184,1557.2170827525028,3637441.0774410777,6727189.593095837,21514688.315453753,0,2032.6048999246448,2106.9585114497054,7746965.515987711,7008969.485233909,4932.508621161531,943.7118956472423,0,303.60981395004075,0,0,0,0,1932305.9252305483,0,0,0,0,0,72.59322274209556,0,0,0,0,0,0,0.09836536052927874,0.047884017719021926,0.015427734053800305,0.014872183924520745,0.08976792648003735,0.08213282374644372,0.0009379169956701904,0.00161226796789733,0.0009872864111986808,0.011035576823149755,0.0008980737157770042,0.023851716441485267,0.010361694116049884
1720299102.496,0.736630878267884,0.45704155903284854,0.10971538858030332,0.08835022382994251,0.52415743999196,0.3408928651574094,0.00484734310149896,0.010200173964346658,0.004001247806463271,0.0774351871345029,0.005024350996435334,0.13614066647590914,0.05952081723804485,36647132.62200712,15721789.230456406,1048809.5011876484,27357812.170422405,10768185.35979242,43227908.07578705,10298185.637696486,539009.9843880478,2070.5542516699766,9017390.985155195,28778366.030696485,1073338.0099686172,623491.1784560931,21706336.963297036,1918715.1967761617,2020.6833546501007,7252248.079554784,8463090.74297409,28471419.63835459,0,669.208147260647,2070.5542516699766,7668935.456590193,7114344.162680309,4990.511353147498,672.5902680216753,0,378.579218810655,0,0,0,0,1914300.0109413178,0,0,0,0,0,74.73225200240837,0,0,0,0,0,0,0.07428579193397182,0.04618220182100062,0.018669649843754757,0.017485603332793986,0.0916175322777835,0.08058904061518511,0.0009839701661422178,0.0018337017701767072,0.0009047109147712562,0.010719672032814554,0.0008810844250970961,0.024864546043865746,0.010928812953502969
1720299107.496,0.7476950228596032,0.4708143283587583,0.11269294267597167,0.09044397735759697,0.5309772285514782,0.34241167915851983,0.004805457844594967,0.010537724668026771,0.0038237296841652246,0.0741219811626004,0.004788637859263023,0.13902659208415374,0.06031968073699449,29946512.197405122,15650092.192186665,1047043.3118930049,27314426.36209629,9095557.082743794,43442842.20435947,7775685.738935696,355444.0745910734,1542.6941908639271,6994794.406426658,28200736.11814957,797962.809013345,1217080.8299229767,14783421.264486171,1905657.9136227297,1865.8552140084912,7240094.285662241,6876893.552121424,28621871.533058144,0,659.7229678943412,1542.6941908639271,5950152.930675394,6971621.515963224,4629.767374024648,658.7915721000054,0,376.86546565335,0,0,0,0,225.56308166749267,0,0,0,0,0,73.19906356666726,0,0,0,0,0,0,0.07566118296249878,0.0357418766841213,0.01633794709106616,0.015620862956653707,0.09116782885479938,0.0760520484462752,0.001055367639338356,0.0015341181863049716,0.0007831773137480908,0.0130582237808783,0.000702693956701703,0.023940593101435606,0.010325831463370046
1720299112.496,0.7686788008159433,0.49366899376840384,0.11557622297609323,0.09297865872858968,0.5367065604282442,0.34902968199949236,0.004857168285081161,0.010346830735128456,0.0034733011568052322,0.07466616570011311,0.004110251922825021,0.14002449899084557,0.0608460927575593,21673693.11863672,14566212.422105048,1215224.7522290505,26950456.47836949,7110166.716971751,43505648.33013018,7631398.418217522,540149.8600966606,1586.9817900038747,9131404.311193787,21869529.50203043,527832.7686873784,618738.5116784356,7138645.67838833,1185562.418681093,1818.7630990018117,7143540.610003774,5059803.206505335,35779288.53754941,0,595.3704713107309,1435.8406671463629,7764726.410621149,536.5570672006288,2878.6852158869747,2076.5525982256017,0,350.6128877627885,0,0,0,0,221.37748392094693,0,0,0,0,0,74.1625927937715,0,0,0,0,0,0,0.05554463388039281,0.03569809606330005,0.020390900083962996,0.016480445002133744,0.07695571497637585,0.0824136985771801,0.0010626787301117463,0.001355326250523884,0.0007870112079842039,0.012934799257299078,0.0007100050474750931,0.020360154970812522,0.008850406079846614
1720299117.496,0.7750334216990422,0.4993866237381237,0.11725917882920461,0.0940604255864309,0.5429204558068391,0.32965794634764306,0.004792780848572201,0.010677821729432801,0.004278315236141124,0.07464021402982893,0.003893481039300368,0.14239717608234606,0.061802609877545024,28651320.168292902,15786489.311163899,1039784.7013166007,30913565.932876218,7299901.671583088,42793867.32327017,7631525.808485721,548081.3286880864,2082.4723548744396,6870936.686650096,21204012.62837029,538210.3261664474,630670.9943936265,7078589.060961419,648589.0736342043,2079.86652642269,10756619.271021292,5203869.623802761,42206208.32887271,0,679.5332632859592,1933.7243295262654,5843642.637812546,445.91210944587584,2546.1459704548784,2492.770728828563,0,152.01900237529694,0,0,0,0,0,0,0,0,0,0,75.53850693419888,0,0,0,0,0,0,0.08092826144231591,0.05278710196750437,0.02426118611095432,0.019461068138725387,0.07543118760087363,0.07673545256668403,0.001123337637545678,0.001426278828628915,0.000984760166439839,0.012927972409079306,0.0007725469500718046,0.019591336269077355,0.010817833818344743
1720299122.496,0.7929270501035641,0.5091609950006226,0.11983785781439811,0.095927412160354,0.5506081862670923,0.24905933019529658,0.004876058259292838,0.01077436169440462,0.004291518181490528,0.07530420737293946,0.004039907748537993,0.1447836566330998,0.06271147757939467,28576043.42546961,12621614.816659845,1009595.2393528055,26745854.739433732,7362308.870476647,51552863.5876989,10239999.999999998,539551.861195303,1476.142424679256,9039109.47588645,21356463.157894738,536882.6619964973,637118.2346801849,19162.059852867653,624598.6442969736,2091.3044243736686,10636037.037697813,5234075.916665129,50852958.2456529,0,594.7113377738253,1476.142424679256,7687516.646827544,299.4152046783626,2690.017513134851,2290.1446250186373,0,145.74697101784474,0,0,0,0,0,0,0,0,0,0,76.33815416728791,0,0,0,0,0,0,0.07856215444810512,0.0687240782966146,0.024162452867838066,0.0191600974267277,0.09205259134022035,0.05237289667827548,0.0010349611869836755,0.0012425814438000807,0.0011632778664270142,0.010696690723676447,0.000896289089571234,0.019817575502316068,0.012777538463058288
1720299127.496,0.810964206677408,0.521089776466986,0.1227358657556418,0.09761638712368646,0.5559115843695157,0.22860903579832229,0.004903400369206022,0.010885413366652682,0.004656910603805389,0.07513708680682733,0.004363013609456842,0.14612778138096372,0.06288705849124061,28663127.533118512,15328167.140953138,852934.6894484191,30407434.251633056,9279433.628318584,42971250.552332364,10321976.897207191,542865.87746019,1762.889371088356,11468484.94615779,13933227.032923797,541131.050637776,613228.4590632821,19431.435732187612,1254428.5868664675,2260.028323922679,14109809.713149672,7011270.378253239,42381787.94029421,0,597.7053426481585,1762.889371088356,9752941.762508241,293.0057048840245,2473.6562780228023,1976.9753307114765,0,147.54511725081952,0,0,0,0,0,0,0,0,0,0,73.2213085448695,0,0,0,0,0,0,0.057361553644712786,0.05596134705908688,0.02084211719216763,0.01641273858856732,0.07530952942972563,0.052141376411119565,0.0010374261879534496,0.0013125495177942568,0.0012307809490204903,0.012852698068686746,0.0009056479316194737,0.020352954535057352,0.01300839519357106
1720299132.496,0.8280228555357987,0.5360782524938439,0.12509549543956044,0.099457002900031,0.5635411856847045,0.23326106328047744,0.004968544313519789,0.011110371739690249,0.004559451744624504,0.0763807528546474,0.0043828351821941615,0.14984925517889042,0.06397393472949389,29054518.271219656,15300533.386056041,846731.7216117214,31241796.049391724,7349546.975499809,51072126.56095506,10579267.97924355,545093.6246919031,1808.155682675152,11515193.968925254,13828371.097424611,546892.592115197,1257280.4996785156,16647.385419312697,1874514.2980390748,2250.5494505494503,14498003.684316121,5223223.763537411,43203747.6105028,0,527.3884413052276,1808.155682675152,9792742.55769054,290.800660265171,2790.653138637745,600987.4529255074,0,220.86021891906466,0,0,0,0,0,0,0,0,0,0,75.24570588775603,0,0,0,0,0,0,0.03675551096757581,0.042946637734908304,0.02188927214838165,0.017224131849344907,0.06139914054138117,0.0505943784693669,0.0009801375609231715,0.0013916364749567026,0.0011084542403665108,0.010956092683280808,0.0013112792093767011,0.01741044489266802,0.01161706358924299
1720299137.496,0.8516815950298791,0.550555688363695,0.12797255340331135,0.10105821235917949,0.5759241342903408,0.22983660373957687,0.004831852097289686,0.011246067522450947,0.00427453372328782,0.07552970957035526,0.005275108716535829,0.15187270077086037,0.06515364812062387,29172283.923626292,15224258.719631016,834033.834722072,27501263.366481964,9090894.747375507,50731606.597968176,7648539.101858038,353283.7478352467,1322.8787253512282,11420636.37026771,21161466.42257708,785860.889070873,1834885.9481045073,17536.802215420492,2483799.9892736473,2068.4630090538544,14584456.497009285,6883378.563761076,35774785.85733532,0,511.8994483226509,1249.3854628317156,9712351.302064339,6961514.708814413,2698.047034946859,1167708.038608241,0,146.45047106566318,0,0,0,0,0,0,0,0,0,0,73.34849488745232,0,0,0,0,0,0,0.06465218742951194,0.06118002905263777,0.02607225929499398,0.020569848811996264,0.0797589260727908,0.04947013128964273,0.0010442401163399864,0.0017774164363344386,0.0011069207728257439,0.012365537583993176,0.001300773326368335,0.021787715203461233,0.013482229518400859
1720299142.496,0.8682656417058369,0.5618981957833502,0.12964109658476564,0.10330307897765682,0.5863298070229673,0.22169028952000283,0.004965920806361457,0.011478143757284384,0.004253644157295264,0.0738678560352521,0.005250671813136144,0.15442132831287853,0.06716145829614383,21642403.29929584,15382569.735510912,1069471.2352261287,31293089.793010212,9125147.024058484,43782486.59748451,7637708.000504878,360354.3123543124,1328.7197231833911,13966564.926372156,21086850.4691483,786782.9422943715,1867929.3976210859,17039.92652223243,2511456.5688683335,2290.7423287722304,14522141.001516342,6919499.699950901,28806575.776465844,0,596.7365967365968,1254.9019607843138,11876526.550647032,6943643.0495543545,2691.721577891054,1188831.5634164556,0,147.99826564532447,0,0,0,0,0,0,0,0,0,0,74.60973788229293,0,0,0,0,0,0,0.06681109825936966,0.06191356595893014,0.02294050757822129,0.018065285951316883,0.06420589014802053,0.04450893202161942,0.000984019277858334,0.0017844411582475953,0.0009802480503610191,0.012382113415103242,0.0013162864730280467,0.018744020522149647,0.012178870204851752
1720299147.496,0.8823570061940053,0.5727260171560661,0.13164754350963734,0.10499419912393435,0.5934707593440123,0.22453892666018227,0.004901930854029167,0.011682102470148573,0.004318223062687535,0.07570607477135369,0.00538386239080794,0.15926092211946188,0.06809217484444283,29534526.416694313,12817919.167840503,844792.984379282,31004066.537549544,9145367.767244197,49249139.19886816,5079063.57113313,360579.4184668672,26249960.43624342,11164084.648161024,21140891.804704774,1077004.2403860216,2491696.585953324,16913.763226781695,1887559.6489327122,2319.831917420298,17984974.242945317,8602998.510769676,34718172.64125918,0,373.3479172363503,1251.0915069083853,9494021.358150149,6960780.021022871,2695.1308670858316,1783082.5319781767,0,147.9394661754614,0,0,0,0,0,0,0,0,0,0,0,0,0,0,0,0,0,0.09733074269941472,0.06127068834840388,0.027052068156799624,0.021605093180428688,0.08173003373853668,0.037800659696176915,0.0010460253500807735,0.0021682194025396066,0.0009809695189876679,0.012783212206053073,0.0013778698458234244,0.022844418768313602,0.014104634458037588
1720299152.496,0.8997179994493089,0.5855868623205588,0.1340516554601456,0.10675048903315723,0.6046620129468563,0.20736788026241798,0.004927229360086963,0.012004942181220318,0.00456480544631593,0.07506433844811286,0.00537616025513253,0.16287114255398824,0.07022815227885046,29404854.452337686,12947493.13244441,863088.4450252007,35333107.981220655,9131732.889716651,52196399.025304586,5030568.562111304,361336.9382535623,27101694.442383323,13657155.98865537,21117330.385779258,1053417.836189525,2558007.4839095944,17593.920370064432,1907128.3220546118,2293.821168564495,21866291.079812203,8596985.76930727,36796130.00937207,0,523.7851662404092,1367.6634265786156,11613475.092720529,6959644.843894395,2775.6121047844927,1831352.192785511,0,224.13950349305946,0,0,0,0,0,0,0,0,0,0,76.6352342463703,0,0,0,0,0,0,0.09685014644075346,0.06162356165669047,0.023470646766399327,0.018605304614653925,0.0658839294478225,0.03287334685127046,0.0008512441380373446,0.0019092072265516184,0.0009134398270890947,0.014996186013891655,0.0013108346215997624,0.019790024366594182,0.012616985074843035
1720299157.496,0.9066258274983623,0.5991770292249047,0.13687947914892074,0.1085582036782275,0.6097858640352487,0.21000196155319265,0.0048627341458563145,0.012319486270085344,0.004580951322026355,0.07308374572821942,0.005261292252751279,0.16548590050139075,0.07078641091504592,29161975.689642623,12709130.69778263,1037640.4661362523,30997223.66229817,9337782.118597392,50758829.67042988,2552435.8691524565,359936.38199916296,27051589.39416383,13776464.65239073,21233838.933022376,1049562.354942154,2515693.3041382227,18111.36181672611,2494090.6634214437,1855.8457328234588,17986469.915284917,8784855.957407746,35772560.06857684,0,447.2185322002439,1365.13109169012,11715473.159284247,6998067.196268494,2830.18266215474,1801058.2368852005,0,146.60772768759955,0,0,0,0,0,0,0,0,0,0,75.36754558669291,0,0,0,0,0,0,0.12896982162579704,0.08337198476473864,0.028325124197171474,0.022448558703930928,0.08601113711674142,0.03968283583663717,0.0009871243476975214,0.0023135048556851266,0.0009839101273592973,0.017243140213787946,0.0014490986184972658,0.025414200782898914,0.014917331637781132
1720299162.496,0.9226954744711627,0.6102960209543045,0.13775636688512655,0.10972124687870227,0.6166394296596611,0.20869480210176586,0.0048360953291253376,0.012168756742767356,0.004537296357857837,0.0754936788893223,0.0052652159222232806,0.16809419518164023,0.07165683240817074,28980144.205387816,12809103.617412632,1044841.6530129256,27310573.662626445,11058023.416478802,57402501.607020326,2545577.2046889095,365569.6090211665,53370473.00358004,15541022.022057517,28502569.93488031,1073896.8892756146,2505099.6427589995,18513.831133610558,2517990.406463015,1789.6231567449481,18110718.016950697,10405764.235328339,35408264.05691379,0,454.3118587669841,1346.6793307518085,13215588.070498953,7045360.432908374,2970.0529330722934,2388789.301090043,0,147.72604320698238,0,0,0,0,0,0,0,0,0,0,75.0389301090043,0,0,0,0,0,0,0.1313707678958291,0.08459770132496204,0.028011927606959454,0.02213257644884121,0.08842764400646091,0.03913348960626189,0.0009265029643494087,0.002314245144562155,0.000983750146352295,0.015274575330375656,0.0015160513496363223,0.026035461039113098,0.015453474152809836
1720299167.496,0.9425126218136305,0.6232132568320119,0.14016555452693943,0.11124116610547855,0.6257485263538978,0.2100367715525926,0.004753742802303265,0.012630590574319978,0.004607074425529644,0.0749507832986659,0.005394530314265574,0.1734970263172194,0.07370372283212265,29506910.64362358,13104556.444772268,1069237.2523606739,23903099.320993397,11308923.45394798,58188646.6785106,2555902.2199688554,182204.9332378276,52413987.47914686,15716732.749964137,27433364.971751414,1072982.7027222835,2488606.914632148,20882.189461285037,3219094.965886041,1668.4317718940936,18490557.82717887,10643455.581753708,28728564.845509995,0,677.0620970852387,1396.0213105637972,13365028.833739778,6781179.661016949,2893.3364728043325,2372946.2013217546,0,151.06029872764154,0,0,0,0,0,0,0,0,0,0,74.5717042620205,0,0,0,0,0,0,0.1320458479063132,0.08483820049237357,0.02434198310675768,0.01916622545434912,0.11038192853198779,0.03328227313408027,0.0009314348676841383,0.002255306843218098,0.001054241831071838,0.01738787953060907,0.0014533340448236406,0.03201878720124212,0.01783832137988462
1720299172.496,0.9606801225781307,0.605426312765657,0.14378899346022095,0.11320303572354533,0.6350010345725108,0.2276766173612374,0.00485187431413209,0.012522420863833353,0.0038915469797428403,0.07370207302320465,0.0054298246187957635,0.175198620792385,0.07427932374431648,22331348.82339841,13407929.186370276,1262587.554269175,23803496.129486278,12735987.36290366,50625963.67606915,2590282.348191511,180567.68272697477,53516575.40569252,16064851.644121852,35298939.86151245,812071.8632491054,2420149.5320489,21132.20993244748,3292275.2206245796,1650.7354961622304,14728016.889514428,11974195.623687375,21435683.63967243,0,596.6714009978514,900.2527565112275,13660991.092048828,6980463.00637915,2976.2575160311726,2307319.8520956067,0,154.58142645434216,0,0,0,0,75.16561760226084,0,0,0,0,0,72.46607575677157,0,0,0,0,0,0,0.10519120318813549,0.09101718497713794,0.025512165843546857,0.01994471257348587,0.11042212182917285,0.042962109896434175,0.0009365167682303583,0.0020034280877049533,0.000731529045303256,0.015077321004738742,0.0013923606995634497,0.032440555450540816,0.015794431087159545
1720299177.496,0.9874364433837622,0.6538942272974048,0.14580685844952593,0.11465776647598722,0.638953468326078,0.29800020551808926,0.004803501832777391,0.012779553392689264,0.003926536239524454,0.07199108468045287,0.005093645364616808,0.17709413647669908,0.07466511521354696,29854709.61499098,12860763.979876217,1077646.2539505484,27584846.39579156,12846084.716677807,50333648.12236706,75.07056192954805,182718.94412800233,79674493.41016924,16078560.560744235,34680768.51653453,822256.4927939133,2443493.7748959507,19588.604179459984,3790975.5691483584,1599.107640825432,18288439.9727776,12082907.750943806,14214213.816919489,0,604.029567365297,595.6843425621262,13672097.616470028,6858262.12413399,2547.077328261029,2329575.764071236,0,148.2500271453907,0,0,0,0,75.07056192954805,0,0,0,0,0,73.16506796706143,0,0,0,0,0,0,0.1075910153364446,0.07436942811460068,0.0256152233091347,0.020261255548169085,0.09323124618422192,0.053006000868338676,0.0010825035665774701,0.0023768281435305135,0.0006093466774619332,0.015104430440525117,0.0012064498606603347,0.032219218270226606,0.013772087732923127
